id,title,content,result,url
2,新冠肺炎男性患者的死亡率更高,近日有研究也表明全球60%的新冠死亡患者为男性，且比例接近女性患者的2倍。,真,https://vp.fact.qq.com/article?id=60df9d85d6bfa16c628dc3549cded1ff
3,新冠死者平均只损失了几个月的寿命,此前有不少新闻显示很多国家新冠病死者年龄都比较大，让不少人以为这些上年纪的老人即使不患病也离死亡不远了。如美国新冠死者年龄中位数是78岁，而该国预期寿命是78.8岁。于是有人认为，新冠对死者平均寿命的影响只有几个月。,假,https://vp.fact.qq.com/article?id=96bc42ee0e4e6c96bef3d0df5d42345f
4,人类可能无法对新冠病毒获得持久的免疫保护,有研究表明新冠病毒抗体的半衰期很短，所以我们可能没有办法对新冠病毒获得长时间的免疫保护。,真,https://vp.fact.qq.com/article?id=343da72d4a0f61b5bf14b2bc58f0c968
5,警犬能够准确闻出感染新冠的人,2020年7月30日，阿联酋机场实际使用警犬作为一条额外的防线来辨别Covid-19病例。它们将用于警察巡逻，保护商场、活动、机场和其他重要设施。 国家队的专门小组分布在该国的机场，以监督实际应用，监测和检查从腋下入境的人身上采集的样本，训练有素的狗可以在几秒钟内确定此人是否感染的可能性。,疑,https://vp.fact.qq.com/article?id=26269c39baf75de8737ef839f43e0bca
6,香港新冠“二次感染”病例意味着群体免疫可能无效,许多人期待着有足够多的人对新冠病毒产生免疫后，能够实现群体免疫，二次感染的发生可能意味着群体免疫无法实现。,真,https://vp.fact.qq.com/article?id=33c1d15df0f1a82864427b100aa24f0c
7,印度卫生部长检查基层防疫，不戴口罩者直接扇嘴巴,网传视频称：印度卫生部长检查基层防疫工作，不戴口罩者直接扇大嘴巴。,假,https://vp.fact.qq.com/article?id=aa1530d3d81b7eae8289853752d2da59
8,大数据显示，新冠并没有造成更多人死亡,近期热传的文章《大数据下的疫情透视》（或类似《奇怪！大数据显示，新冠并没有造成更多人死亡》等各种变种文章），将新冠疫情相关数据与肝炎病毒感染情况、流感感染情况、多国历史死亡数等多项数据进行对比，宣称新冠病毒的威力并没有人们想象的强，严格的防疫措施大多是不必要的，比如瑞典就靠...,假,https://vp.fact.qq.com/article?id=52a7cb98ec05cb2dcd682d8730fdf277
9,普京女儿注射疫苗后高烧不治身亡,加拿大媒体“今日多伦多”报道称普京女儿注射新冠疫苗后高烧不治身亡。,假,https://vp.fact.qq.com/article?id=4b2de35c66fdcfd36b8bf3183dec6d73
10,新冠病毒会感染中耳组织,近日，一项最新研究表明，新冠病毒不仅会导致干咳和嗅觉丧失，还会导致听力下降，可能感染中耳组织。,疑,https://vp.fact.qq.com/article?id=a15fd960093ece8897fae7c76eeb3699
11,新冠灭活疫苗已开卖，498元一支，总共打3支,新冠疫苗开卖了，9月2日正式上市，498一支，总共打3支，已经出来了。医护人员和出国人员可以先用，差不多年底能普及。,假,https://vp.fact.qq.com/article?id=a7faa0054a1a5a45acef142102c4100b
12,水是新冠病毒的重大弱点,俄罗斯科学家发现新冠病毒的重大弱点，沸水能完全杀死新冠病毒，氯化水是杀死新冠病毒的“高效”水。,假,https://vp.fact.qq.com/article?id=d46e41da0bb73fbd37a1cc57acd6fc15
13,新冠疫苗对BMI大于30的人无效,新冠疫苗对BMI＞30的人没有作用？——来自较真用户@唯识的提问。,疑,https://vp.fact.qq.com/article?id=c903972979f88432a03619ccb6107457
14,日本流行的新冠病毒株已发生重大突变,日本《读卖新闻》8日报道称，日本国立感染症研究所最新研究发现，6月以来在日本扩散的新冠病毒是变异后的、具有新型基因序列的新冠病毒，目前日本国内大量增加的新冠确诊病例大都属于这种变异后新冠病毒的感染者。,假,https://vp.fact.qq.com/article?id=91b2fcf6db227583fd10a9f106ba1ad4
15,研究发现高个子感染新冠病毒的风险更大,有媒体报道称，对美国和英国2000人进行的一项新调查结果显示，身高超过6英尺（约1.83米）的人感染新冠病毒的风险比身高较矮的人高出一倍，报道还称这也证实了新冠病毒的气溶胶传播。,疑,https://vp.fact.qq.com/article?id=7af61054391822098600d420e46c57c8
16,又有一种新型病毒在武汉传播,7月30日，有网民发帖称：“又有一种新型病毒在武汉传播，现已死亡十几人，大家千万别到武汉来”。,假,https://vp.fact.qq.com/article?id=9174290456f4093bf263813c41af0719
17,云南吃野生菌中毒死亡人数已超当地新冠死亡人数,2020年上半年，云南吃菌中毒死亡人数超过了云南省患上新冠肺炎死亡人数。,真,https://vp.fact.qq.com/article?id=844137521cbb88ea4adff9d4f82f669e
18,大连新冠疫情与北京新疆疫情有关联,此次大连的新冠肺炎疫情与北京新疆发生的疫情是有关联的。,假,https://vp.fact.qq.com/article?id=32bb7d9d8e7a92eb2a910bbba7075f9d
19,美国新冠感染数字造假，往大了编,日前，网上有不少文章称美国新冠感染数字造假，是“往大了编”。,假,https://vp.fact.qq.com/article?id=9c6aaa8e5614828d19ab9e0fd7daa1d0
20,新冠恐怖后遗症出现！每个患者都会出现可怕血栓！,新冠疫情发生至今已过半年，随着越来越多患者康复出院，关于其后遗症的说法也越来越多，近日网传一篇文章称：“新冠恐怖后遗症出现！每个患者都会出现可怕血栓！尸检结果震惊全球”，这个标题让读者产生了这样一个印象：只要被新冠病毒感染，就都会出现可怕的血栓后遗症。全世界如今已经有140...,假,https://vp.fact.qq.com/article?id=5604891620a61a5c7b371a31773e8f94
21,钟南山院士已抵达新疆乌鲁木齐抗击疫情,近日，一段“钟南山来新疆了”的短视频在社交媒体广泛传播，#钟南山乌鲁木齐##钟南山新疆#的话题阅读量飙升。,假,https://vp.fact.qq.com/article?id=2dacc2b3b7337e823d3307a489c4d300
22,新冠疫情使巴西的死亡率不增反降,严重受新冠疫情影响的巴西，2020年全国死亡率反而下降。缘由是：虽然新冠让死亡人数增加，但由于防疫隔离措施，巴西治安好转，因此而死的人数大大下降了。,假,https://vp.fact.qq.com/article?id=6f4b60a5758a8a9c6d0bd010787e3f34
23,乌鲁木齐新冠疫情由哈萨克斯坦入境者引起,此次乌鲁木齐新冠疫情是由某女从哈萨克斯坦入境未经核酸检测和隔离措施而引起。,假,https://vp.fact.qq.com/article?id=4eab505c0350da8c5fc8cce45f990fc8
24,健康宝头像框变红表明核酸检测异常,“健康宝”照片周边动态虚线框“跑马灯”颜色突然变红，是自己核酸检测出现了问题。,假,https://vp.fact.qq.com/article?id=c35e318b53207916b6b06a77ccc75bd7
25,新冠抗体在人体只能持续几周时间,有研究发现，感染新冠病毒后产生的抗体短短几周的时间，在人体就急剧下降。,疑,https://vp.fact.qq.com/article?id=d2746b2d74e7b9a4bb6d4b78108f7314
26,新冠病毒早已藏在世界各地，处于休眠状态,7月6日，多家媒体报道称“牛津大学专家认为越来越多的证据表明新冠病毒在亚洲出现之前就已在其他地方出现。牛津大学的研究结论还提出，新冠病毒可能“藏身”于世界各地，在特定环境下被激活，而非源自中国”，内文主要讲述的是牛津大学循证医学中心高级副讲师汤姆·杰斐逊博士在接受英国《每日...,疑,https://vp.fact.qq.com/article?id=a3f43d54db158975742eeee19b0c77cf
27,西班牙从去年3月的废水检出新冠病毒相关研究漏洞大,西班牙巴塞罗那大学肠道病毒小组进行的一项研究中，研究人员在巴塞罗那本地2019年3月的冷冻废水样本中检测出了新冠病毒，但该研究漏洞百出，并不能说明病毒去年3月已经在巴塞罗那传播。,真,https://vp.fact.qq.com/article?id=89c2c4085cc13c5c78ab73d245218c0a
28,钟南山代言“吸氢疗法治新冠肺炎”,四川一家以“吸氢气”为卖点的生活体验馆宣称：通过他们的仪器制备氢气并吸入包治百病，甚至对治新冠肺炎都有效，该店还用钟南山头像做宣传代言。,假,https://vp.fact.qq.com/article?id=71f67c351fc70f3e1f7a2e324ba1897b
29,福建出现染上新型冠状病毒的牛,近期，不少福建网民流传有关牛生病的信息和图片，且谣传这是“染上了新型冠状病毒的牛”。,假,https://vp.fact.qq.com/article?id=da64d0833333a71458286c7ac0ef26df
30,新冠病毒G614突变株的感染效率提高9倍以上,有研究发现变异后的G614感染细胞能力明显提高，其感染效率比变异前提高了9倍以上。,疑,https://vp.fact.qq.com/article?id=f1d357eec73b03bd2e6434315c20c2c6
31,北京低风险地区出京取消核酸证明,7月4日零时起，北京低风险地区人员出京取消7日内核酸检测阴性证明。,真,https://vp.fact.qq.com/article?id=98f4c4a82b697d7088e398b81ba57828
32,北京石景山万达现核酸阳性人员,7月2日，一个视频在网上热传，称北京石景山万达广场一名女顾客崩溃大哭，因接到中日友好医院核酸检测结果为阳性。,真,https://vp.fact.qq.com/article?id=dd481787c3cc711c0fc1e6a7e50061d4
33,新冠病毒已变异，武汉又有几十人中招,7月1日，有武汉市民在小区业主群里发布消息称：“据说新冠病毒变异了，武汉又有几十人中招。”,假,https://vp.fact.qq.com/article?id=7d05266348a1c816b4df9b018b867fad
34,因疫情原因，中国驻纳米比亚使馆组织包机回国,近日，在一些纳米比亚中国公民的群里流传中国驻纳使馆打算安排回国包机，并征集有意向乘机的人员名单。,假,https://vp.fact.qq.com/article?id=0603184512d84638dc8b5430d9926f95
35,新发地牛羊肉综合大楼确诊102例所以牛羊肉不能吃,截至6月28日，新发地牛羊肉综合大楼地下一层从业人员已确诊102例新冠肺炎病例，有人说：牛羊肉会传染新冠病毒，不能再吃牛羊肉了。,假,https://vp.fact.qq.com/article?id=e8fb7f9640efbd45486fc6a7be70e80c
36,北京大部分银行因疫情将停业一周,近日，“北京市各大银行受疫情影响，在6月29日后绝大部分银行都会停业一周”在朋友圈传播。,假,https://vp.fact.qq.com/article?id=dbdfd384d1ffca3a9b7f8fa0c6f147d8
37,希腊红灯区重开后嫖客只能在房间呆15分钟,最近，网上流传消息称：考虑防止疫情蔓延，希腊对该国红灯区从业者提出要求“嫖客只能在房间里呆15分钟”。,假,https://vp.fact.qq.com/article?id=a22366a23bc812a6bd18e55d91512a1a
38,点外卖感染新冠病毒的可能性极低,外卖有风险吗——来自较真用户@ZhouZhq（周兆确）的提问,真,https://vp.fact.qq.com/article?id=d281b61334858131a11e0f06ec4a96d7
39,约基奇新冠病毒检测呈阳性,美国媒体报道NBA中锋约基奇核酸检测为阳性，曾和德约科维奇亲密接触。,真,https://vp.fact.qq.com/article?id=7689b429128b659a23d111546e5b1704
40,北京市民路过中高风险地区健康码会变色,近日，网上有传言称，“北京市内不能随便走了，如果不小心经过中高风险区域，手机内的健康宝会变成红色或者黄色。社区可能会找到你，让你居家隔离。”,假,https://vp.fact.qq.com/article?id=02006b6110a81fa05c374a6202f2cc8d
41,德约科维奇新冠病毒检测呈阳性,男子网坛多位球员参加阿德里亚巡回赛，新冠病毒检测呈阳性，德约科维奇新冠病毒检测也呈阳性。,真,https://vp.fact.qq.com/article?id=cf95a3e7c9df3b284654992733a5ad40
42,意大利从废水中检测出新冠病毒说明水会传播新冠病毒,意大利研究人员在废水中检测到了新冠病毒，水会传播新冠病毒被证实。,假,https://vp.fact.qq.com/article?id=1f2592304fcf3f38679109a6d7a4eb18
43,安徽大爷无健康码，徒步千里到浙江打工,近日，一则视频在网上热传，一位来自安徽的大爷因为没有手机，无法使用健康码乘车，于是步行十几天徒步千里到了浙江。,疑,https://vp.fact.qq.com/article?id=841703f3aa4e1a72132c52b5e56aaa5e
44,核酸检测前不能喝酒,头一天喝酒对第二天的核酸检测会有影响吗？——来自较真用户@康陂陂的提问,疑,https://vp.fact.qq.com/article?id=a0c9af724e62dc08ce7932af98790a27
45,鄂牌车车主因新冠肺炎去世未挪车,6月21日，网传一段视频称，车牌为鄂KC7137的车主停在孝感槐荫公园数月无人认领，车主因为患新冠肺炎去世。,假,https://vp.fact.qq.com/article?id=b9a62861647cb700db24d887b1078d6e
46,印度研制出纳米喷雾，喷一喷物体表面90天不沾病毒,据印度媒体报道，印度最近研制出了一种纳米喷雾技术，将喷雾喷在物体表面，静置两分钟之后用抹布擦干净，这种喷雾就会在物体表面形成一层厚度仅为0.001微米的保护膜，可以保证该物体表面在90天内都不会沾染病毒。,疑,https://vp.fact.qq.com/article?id=ce7ffce40fe76013debc554465a516a9
47,百事公司员工确诊新冠肺炎，乐事薯片不能吃了,6月21日，北京公布百事公司北京大兴分厂因有员工确诊新冠肺炎而停产停工，有传言称百事可乐能不能喝、乐事薯片不能吃了。,假,https://vp.fact.qq.com/article?id=a5a7d3bdd7b0bd828cb819945adf9893
48,李兰娟说“零下20℃，新冠病毒可存活20年”,近日，一条《李兰娟院士：“零下20℃，新冠病毒可存活20年”》的报道被大量转发。报道称，李兰娟院士说：新冠肺炎病毒特别的“不怕冷”，在零下4摄氏度该病毒可以存活数个月，在零下20摄氏度该病毒可存活20年。这解释了为什么几次病毒都在冷藏食品较多的海鲜市场被发现，病毒完全是可以被跨国转运的。,假,https://vp.fact.qq.com/article?id=b200695a32cbd5fff07be143a9b2bed0
49,此次北京新增确诊患者的治疗费用需自理,6月17日，朋友圈有传言称：“目前北京确诊人数达138例，治疗是否再次全免？官方回应来了！这次国家不再全部兜底，所有费用自理！”传言下方，则配以某保险公司的宣传海报，并呼吁：“商业健康医疗险、重疾险，人人必备！”,假,https://vp.fact.qq.com/article?id=bd49c0cf9eb1f5f4c44a45a3f2755a36
50,抗新冠病毒高免牛奶研发成功，可用于预防和辅助治疗,近日，网上流传的一则消息称，由华中农业大学陈焕春院士团队、武汉市农业科学院等单位联合研发的抗新冠病毒高免牛奶，通过采用新冠病毒灭活免疫原对奶牛进行多次免疫，分泌特异性抗体，产生的牛奶可以用于新冠肺炎的预防和辅助治疗。,假,https://vp.fact.qq.com/article?id=f515c6e05c7fbf972e516ea734e5f675
51,为疫情防控，84岁钟南山院士空降北京,6月18日，某微博博主发布了一条“钟南山院士已空降北京”的消息，文中称“本该养老的年龄，为了‘钟’止疫情，度过‘南’关，再次出‘山’！”,假,https://vp.fact.qq.com/article?id=2fb990916ed5c77e0a3c55ad855d171d
52,地塞米松是治疗新冠肺炎的特效药,价格低廉的地塞米松能帮助挽救新冠肺炎重症患者，是治疗新冠肺炎的“神药”。,疑,https://vp.fact.qq.com/article?id=16676620c8b888f5d866823d3ede7229
53,李兰娟提醒北京疫情可能全面爆发,网上出现一篇署名李兰娟院士的文章《李兰娟提醒：北京新冠疫情，可能将全面大爆发》。,假,https://vp.fact.qq.com/article?id=b4bc1296722efab48346dc962c1da5e4
54,钟南山院士告诫端午节前不要出门,近日，有关“全球第二波疫情”的话题引发热议。此时，一则“钟南山再次强调别出门，端午节6月25日再看疫情控制情况”的传言广为传播。,假,https://vp.fact.qq.com/article?id=0216e0add3fe285df25d03f93bc86313
55,新发地病毒与欧洲毒株相似，说明病毒来自欧洲,近日网上有传言称，在北京新发地市场检测出的病毒与欧洲毒株相似，因此可以断定病毒来自欧洲。,疑,https://vp.fact.qq.com/article?id=95f5010c947ff772921b4452fe019898
56,6月16日北京多条高速公路双向封闭,6月16日傍晚，关于北京“封路基本等于封城”的一张图片在社交媒体上流传。这张图片显示，这是北京日报客户端的一则新闻，京藏高速等多条高速路封闭。,假,https://vp.fact.qq.com/article?id=ccc1e78322f418890676e42c2b2deeaa
57,微信支付宝锁定35万人进行病毒筛查,网上有消息称“微信和支付宝立了大功，由于北京新发地疫情后市场内一直没有现金交易，支付宝和微信支付大数据确定有关人员，圈定了一个35万人的大名单现在马上全部实施病毒筛查”。,假,https://vp.fact.qq.com/article?id=8e8d26010653700460061ef62fee9475
58,6月15日0时起暂停外国人入境,6月14日开始，一张“6月15日起暂停外国人入境”的通知截图在网上流传。该截图显示这条通知由我国外交部发布于2020年6月15日，称中方决定自2020年6月15日0时起暂时停止外国人持目前有效来华签证和居留许可入境。同时，网上还流传着同样内容的另一张“6月22日0时起”开始...,疑,https://vp.fact.qq.com/article?id=70537ecda73825cc40c03b0d5a689250
59,咽拭子阳性的受检者就是新冠肺炎确诊病例,如果受检者咽拭子采集显示阳性，就说明确诊了新冠肺炎。,疑,https://vp.fact.qq.com/article?id=3c5e4a8220dbb533504383246299d2b8
60,男性比女性更容易感染新冠肺炎,近日，在《科学》杂志上出现了一篇评论性文章，认为雄性激素可能助力新冠病毒对细胞的入侵，从这点来看，男性更容易感染新冠病毒。,疑,https://vp.fact.qq.com/article?id=8041d7700f6ab659e2688a60ca34e8b2
61,三文鱼感染新冠病毒并传播给人的可能性几乎为0,三文鱼会传播新冠病毒吗？——来自较真用户@简单爱的提问,真,https://vp.fact.qq.com/article?id=3026be2343847fecd92c8288111ab627
62,陈薇院士团队研制的新冠疫苗有望在泰邦生物大量生产,近日，一则“陈薇团队研制的新冠疫苗和特免球蛋白有望在贵州实现投产”在网络上流传，中国生物技术信息网官方微信平台中国生物技术网也转发了信息源为贵州日报的信息。,假,https://vp.fact.qq.com/article?id=e6cc71555c0a7fff14b30ab23a773b37
63,疫情期间杭州给外籍人士发5000元疫情补助,这两天，一条关于“疫情期间杭州给外籍人士发5000元疫情补助”的帖子在网上流传，帖子称：“越南国家电视台《今日越南》4月25日的节目，播出了关于疫情期间杭州市政府给外籍人士发放5000元疫情补贴的新闻报道。”,假,https://vp.fact.qq.com/article?id=be3aea585b07c193778985e180cf164b
64,患普通感冒有助于抗新冠病毒,得过感冒的人都可能已经有了抗新冠病毒的免疫力，患普通感冒有助于抗新冠病毒。,疑,https://vp.fact.qq.com/article?id=4ff0cdf7eb98873c62b4565bdbce3a22
65,新冠抗体重大突破，100%抑制病毒，4天内清除,美国加州一家生物制药公司宣称发现一种抗体，可以100%抑制新冠病毒，保护人体免受新冠病毒感染，并在4天内在人体中建立防御屏障，隔离冠状病毒，并将病毒从人体中清除。,假,https://vp.fact.qq.com/article?id=f46f04bf6af9bc19272fc6b4b796573a
66,荷兰以色列已开发出能使新冠病毒失效阻断感染的抗体,全球新冠感染突破370万的危急关头，荷兰和以色列两项正在独立进行的研究，同时宣布在治疗新冠肺炎方面取得“重大突破”！两国研究院均声明，已成功发展出一种抗体，“能使感染者体内的新冠病毒失效”，并“阻止病毒感染人体”！,假,https://vp.fact.qq.com/article?id=5ef622d7cb575f318234416513c50437
67,黑龙江省规定疫情期间乘电梯要背对背,近日，网传一则“黑龙江省电梯行业协会规定”，“规定”中称，从本月开始，乘客进入电梯后要背对背站立。,假,https://vp.fact.qq.com/article?id=0cb1834d749e68e1f61edbb25a88b79b
68,印度完了！印度新冠病人在街头突然倒地,网上有疑似发生在印度的视频流传，视频转发者称：“印度完了”，许多人误以为是“印度新冠病人在街头突然倒地”。,假,https://vp.fact.qq.com/article?id=025ee19f852876b33131d1bfd42c4aa5
69,新冠肺炎“复阳”患者几乎不具备传染性,复阳是否有传染性？——来自较真用户@鲨鱼猫的提问。,真,https://vp.fact.qq.com/article?id=cf0a437bf3fbe9b971478571b31778b8
70,初中生跑步时因为戴口罩导致猝死,网上都传初三学生戴口罩跑步猝死，戴口罩运动真的这么危险吗？——来自较真用户提问,疑,https://vp.fact.qq.com/article?id=ee2142f158e5698be1840d28ee761e28
71,新冠病毒可以通过性行为传播,最近美国的一项研究中，研究人员在新冠肺炎患者中的精液中发现了新冠病毒，由此有人推测新型冠状病毒可能会通过性行为传播。,疑,https://vp.fact.qq.com/article?id=689e126eb73201dc18c56f0d579f99be
72,羊驼抗体能够消灭新型冠状病毒,羊驼抗体可灭新型冠状病毒，是真的吗？——来自较真用户@zhang xiao的提问,疑,https://vp.fact.qq.com/article?id=5fce2da536d91c15c7df14c57e17204f
73,印度使用挖掘机活埋新冠病毒感染者,近日，有一段“新冠病毒感染者被活埋”的视频在网络流传。大量转发的人称“印度活埋新冠病毒感染者”。此外还有说法称视频为“非洲无力治疫，采用活埋病人法隔离”的场景，被网友大量转发。,假,https://vp.fact.qq.com/article?id=de49a359a6e6b0c292f9bf41a388fd27
74,日本诺奖得主本庶佑称新冠病毒是中国实验室制造,"社交媒体流传日本诺贝尔奖得主本庶佑教授的一段话：我对动物和病毒进行了40年的研究，新冠病毒不是自然的，完全是人工的，我在中国武汉实验室工作了4年，我完全熟悉那个实验室的所有工作人员，新冠病毒出现后, 我一直在给他们打电话， 但是过去3个月他们所有的电话都打不通，现在了解到,...",假,https://vp.fact.qq.com/article?id=4e8337331c5d5495f222b92b74ab91b5
75,世界卫生组织5月1日重申新冠病毒源自自然界,新冠病毒爆发以来，一直有人说这个病毒不是来自大自然，而是人为操纵，不过这个说法遭到很多专业机构的驳斥，世界卫生组织反复声明该病毒源自自然界动物，并非实验室人工合成。,真,https://vp.fact.qq.com/article?id=cbe88c755b3d521da3c7e32b2cdca963
76,泰国猫咪疫情期间违反外出禁令被捕，“罪犯照”流出,近日，有媒体报道称泰国警察逮捕了一只疫情期间违反禁令晚间出行的猫。网传图片中出现泰国警察与一只猫咪，以及猫咪的一张“罪犯照”。,假,https://vp.fact.qq.com/article?id=48f277179821d0ad52d4c09f9fc97a1d
77,吸烟者可能较易感染新型冠状病毒,近日，有说法称，吸烟的人比一般人更有可能感染新型冠状病毒。,真,https://vp.fact.qq.com/article?id=f394c4ce61e91c3632372f5b20587f62
78,已有抗体的新冠肺炎治愈者不会再次感染,近日，有人认为已有抗体的新冠肺炎治愈者不会再次感染，因此建议对新冠病毒产生的SARS-CoV-2抗体进行检测，并据此发放“免疫护照”，能够出行或复工。,疑,https://vp.fact.qq.com/article?id=c4522920fcdf087f1da84a7ff4980849
79,儿童佩戴N95口罩可能会造成不可逆伤害,儿童佩戴N95口罩会造成不可逆伤害？——来自较真用户@Akatsuki Ame,真,https://vp.fact.qq.com/article?id=616f1656f8ba420f1707adef67a4271c
80,英国新冠疫苗人体试验先行者Elisa已死亡,有传闻称：英国新冠疫苗人体试验先行者、微生物学家Elisa Granato，因并发症发作而死。,假,https://vp.fact.qq.com/article?id=594d6d05040c35a57fbbf5cbc667b6a7
81,王辰院士表示中国已决定实行“群体免疫”,王辰院士在4月3日答记者问时表示：中国已明确要抄英、德、美的作业——群体免疫，趁秋天之前让中青年人感染，才能以最小的代价控制住疫情。否则中国人将被锁在国内，出不了门。,假,https://vp.fact.qq.com/article?id=c07622943d5fe51f4d6e0886ad851c23
82,全国31省市摘口罩时间表公布,近日，一张网络截图在社交媒体流传，截图内容包含了全国各地摘口罩的时间，不少省份显示“已摘”，但是福建省7月10日才能摘口罩，而广东要到9月。,假,https://vp.fact.qq.com/article?id=e5256e5d645b686c024e1f7d513732ee
83,商务部对外贸易司指定5家企业生产出口医疗物资,近日，有企业和群众反映商务部对外贸易司指定5家企业生产出口医用口罩、医用防护服等医疗物资，出口国别为意大利等15个国家和地区。,假,https://vp.fact.qq.com/article?id=8c189620865ebe5cbd5623f9746798b0
84,脚上起“水痘”、失去嗅觉和味觉，是新冠新症状,脚上出现“水痘”样病变，失去味觉和嗅觉，以及头痛头晕，已确定为新冠病毒感染引发的新症状。,疑,https://vp.fact.qq.com/article?id=f19b243999e3bfa06f8f9407b5354aad
85,新冠肺炎的R0是5.7，高于常见的流行病,有研究发现新冠肺炎的R0值高达5.7，高于小儿麻痹（R0值为4.9）、天花（R0值为5.2）两种常见流行病，同为冠状病毒引发的人类传染病，非典的R0值是3左右，中东呼吸综合征的R0值还不到1。,疑,https://vp.fact.qq.com/article?id=2752ad5f197001868fdbb00562069e79
86,钟南山说过“五月份疫情将全面爆发”,“钟南山：五月疫情将全面爆发”——来自较真用户@松青的提问。,假,https://vp.fact.qq.com/article?id=7790c4f2b219b9030722d0528ad54c63
87,组合用羟氯喹阿奇霉素和硫酸锌能有效治疗新冠肺炎,美国医疗专家发表的关于氰氯喹+阿奇霉素+硫酸锌便可治疗新冠病毒感染患者(在轻症期间)，可行吗？——来自较真用户@wgydzq的提问。,疑,https://vp.fact.qq.com/article?id=1a7fa3623d0da9e130f94455f795be99
88,美国纽约殡葬公司员工累倒午睡，被同事误当尸体火化,网传有美国殡葬业工作者因太累休息睡着时被误当新冠肺炎逝世者被活活烧死，求真伪。——来自较真用户@严勇的提问,假,https://vp.fact.qq.com/article?id=7ae9444a963f5842baef97f121f06c47
89,4月20日北京市朝阳区被列为疫情高风险地区,朋友圈被刷屏了！北京市朝阳区成为疫情高风险地区。,真,https://vp.fact.qq.com/article?id=d13858a6c67dd6e89e43fd84c3451f95
90,美国纽约大量青壮年一发病就上呼吸机，是ADE导致,最近一篇名为《纽约大量青壮年患者一发病就严重到上呼吸机，疑似ADE效应》在网上流传，称纽约的新冠肺炎确诊患者中，青壮年危重症患者多，情况不容乐观，是ADE效应导致。,假,https://vp.fact.qq.com/article?id=8f02d98781aa8e2f22fa047e0263b7b5
91,北京市教委确认幼升小以及小升初预计推迟至今年七月,北京市幼升小以及小升初预计推迟至今年七月，街道联审推迟半个月到一个月，六年级期末考试结束于七月十二日。,假,https://vp.fact.qq.com/article?id=1aa82147935676cf468752abb564967e
92,北京西站出现大量白衣人，意味着北京疫情大爆发,近日网上流传着一张“北京西站”的图，图中许多白色大巴车在西站停靠，多名身着白色防护服的工作人员正严阵以待。图片配文称，北京西站出现了大量的白衣人和旅游巴士，疑似疫情大爆发。,假,https://vp.fact.qq.com/article?id=0339de524df4a015cb64e6a50df0f345
93,有论文证明新冠病毒可以通过鞋底传播4米,最近，一篇标题为《新冠病毒可通过鞋底传播，传播距离至少为4米》的文章广为传播，文章提到一篇论文，说论文最终的结论是：病毒能通过医务人员的鞋底传播至少4米。,假,https://vp.fact.qq.com/article?id=a10e6ab205dbc478c8663fa599873c73
94,比尔·盖茨利用新冠疫情控制人口，完成人类清除计划,最近，有消息称，早在5年前，比尔·盖茨就曾预言过此次疫情的爆发。这次的新冠病毒就是比尔·盖茨基金会投放出来的，目的是用疫苗当幌子进行人体试验，最终完成他的“人类清除计划”。,假,https://vp.fact.qq.com/article?id=886587566617adfc246a43240d63fb37
95,美国基于唾液的新冠病毒检测方法准确率100%,美国团队利用唾液检测新冠肺炎病毒，结果与鼻咽拭子的结果匹配度达100%，也就是说该检测方法的准确率达到了100%。,疑,https://vp.fact.qq.com/article?id=6086c47d4685a44dd9f27c4602e137c7
96,长期高浓度使用84消毒液，可能导致过敏性肺泡炎,郑州两女子肺部CT呈毛玻璃影，检查发现不是新型冠状肺炎，而是过敏性肺泡炎。原来两位女士居家期间，因为害怕新冠肺炎，每天定时在家里喷洒84消毒液，而且都是高浓度的。慎用84消毒液！84消毒液效果虽然好，但一定要注意它的危害！,真,https://vp.fact.qq.com/article?id=3c74035abe1532bc54fe79712b35902b
97,中国象棋已被印度申遗6次，联合国都看不下去了,4月14日，一则“印度申遗中国象棋6次被拒，理由亮了”的“新闻”在网络流传，引发关注。,假,https://vp.fact.qq.com/article?id=f7d2e6ecdfae28353175cce74ec16b1a
98,特朗普请巫师到白宫施法以驱除新冠病毒,近日网传一段视频，视频中几位男士将手搭在美国总统特朗普的肩上，表情严肃，该视频配文称此场景为特朗普请巫师到白宫施法以驱除新冠病毒的场景。,假,https://vp.fact.qq.com/article?id=7e280a5681f5e64c0ad891cfdcda789c
99,无症状感染者是新冠病毒后期的特征,这次新冠疫情到了中后期才发现无症状感染者，无症状感染是新冠病毒后期的特征。,假,https://vp.fact.qq.com/article?id=90f20814bc09edbfc4b5825b2fd4cb20
100,氯喹和羟氯喹可以有效治疗新冠肺炎,氯喹是抗疟疾的药物，研究人员发现氯喹具有抗病毒的作用，可以用来治疗新冠肺炎。,疑,https://vp.fact.qq.com/article?id=4e3f0083838e7cfcd3523e072c7cb901
101,剑桥研究可确定病毒有三个版本，原始版本美澳更常见,剑桥大学的一项新研究发现，新冠病毒可分为三个变种，在人类中最早出现的原始版本的新冠病毒虽然出现在武汉，但是并没有大规模流行，而是在美国和澳大利亚更常见。相反地，在武汉流行的新冠病毒是原始版本变异而来的另一类型。,疑,https://vp.fact.qq.com/article?id=df1e3949d084069b058706fc49f2f99c
102,伊维菌素可以治疗新冠肺炎,伊维菌素可用于治疗新冠肺炎。——来自较真用户@小边也疯狂的提问。,假,https://vp.fact.qq.com/article?id=11a62805811147657740a6df02637c2d
103,北京市于4月12日官宣高三初三年级返校时间,北京市毕业班开学时间已经确定，高三4月27日返校，初三5月11日返校。,真,https://vp.fact.qq.com/article?id=c4c071d3fb31795706f1c92095396dc3
104,张文宏说武汉已经实现群体免疫,复旦大学附属华山医院感染科主任张文宏称武汉已经实现群体免疫。,假,https://vp.fact.qq.com/article?id=3406417907b6641ba8fd736128357c7f
105,广东已于3月26日前确定学生返校时间,广东确定学生返校时间了吗？广东省高三初三4月7号开学吗？——来自较真用户@笔墨り青衫的提问。,假,https://vp.fact.qq.com/article?id=9c612f862ae2dd37be418d3b13217ba1
106,拥吻照里的意大利医生夫妇，抢救百名病人后感染死亡,最近，社交媒体上流传着这样一组照片：两张自拍照和一张拥吻照。照片配文称：意大利医生夫妇抢救了134名病人后均被感染死亡，这张摄于医院大厅的照片成了这对医生夫妇离世前的最后一张合影。,假,https://vp.fact.qq.com/article?id=14f40aa16d38b2b673f98d4e0b83ea43
107,来自斯坦福医院的关于新冠肺炎的十点提醒,近日，一则号称来自斯坦福大学“关于新冠肺炎的十点提醒”广泛流传于很多微信群里，不仅给出了许多关于新冠病毒的“知识”，还提供了一些自我检查的方法。,假,https://vp.fact.qq.com/article?id=f4213ada35809208db5611aa76cd05b2
108,喀麦隆机场警察开枪射击感染新冠肺炎的乘客,网上流传视频称一架从意大利到喀麦隆的客机乘客全部感染肺炎，部分乘客欲逃离被警察开枪射击。,假,https://vp.fact.qq.com/article?id=82c90a7206318ee2ef291bc9971387d4
109,日常消毒时所有的消毒剂都能有效杀灭新型冠状病毒,只要是消毒剂，日常生活中都能有效杀灭新型冠状病毒。,疑,https://vp.fact.qq.com/article?id=13ce70b28d1584a77625b53eb7821608
110,武汉市政府不再对新冠肺炎病人免费治疗,3月25日，网上流传多个武汉小区给业主（住户）的《告知书》，称自2020年3月24日起武汉市政府不再对新冠肺炎病人免费治疗。,假,https://vp.fact.qq.com/article?id=8635344bb219baa7214d88c1dea508ce
111,比尔盖茨发表公开信，称“病毒是伟大的纠错”,3月23日，网络流传一封据传是比尔盖茨写的公开信，题目为《我们可以从新冠病毒疫情中学到什么》，有的流传版本题为《比尔盖茨:新冠病毒是一次“伟大的纠错”》，或《比尔盖茨：新冠病毒究竟提醒了我们什么?》，内容是14条关于新冠病毒疫情的“感悟”，来源被标注为英国《太阳报》。,假,https://vp.fact.qq.com/article?id=f76df04ffba0f249076a069b37a35202
112,哈佛大学校长夫妇确诊新冠肺炎,哈佛校长劳伦斯·巴考及其妻子均被确诊感染新冠肺炎。,真,https://vp.fact.qq.com/article?id=fc64321b655a1835039e8a86c35c3ba3
113,意大利不再给60岁以上的新冠肺炎患者戴呼吸机,据英国《每日邮报》报道，意大利帕尔马省的医生Gal Peleg称，人工呼吸机的数量太少了，他表示： “我们不再给六十岁以上的人戴呼吸机”，他的部门将确保那些重症晚期的新冠肺炎患者，在严格的隔离规定下，也能和亲人道别。,假,https://vp.fact.qq.com/article?id=e241e10a8f80406db5b18cb7155e5fb7
114,首部抗疫剧钟南山饰演者已确定为陈道明,国内首部反映防疫抗疫感人事迹的“时代报告剧”《在一起》开始筹备，陈道明在剧中出演钟南山一角。,假,https://vp.fact.qq.com/article?id=c56b7cb25bb7fd9a98a685a6f312d555
115,海关不允许携带或寄递口罩出境,近日网上有传言称，从国内携带或寄往海外的口罩会被海关扣下。,假,https://vp.fact.qq.com/article?id=bec71eb8e14d837b89a52521a69631f3
116,中铁十九局发布意大利建方舱医院招工简章,中铁十九局意大利建方舱医院招工简章 招聘工种： 钩机司机、铲车司机、压路机司机、平地机司机、翻斗车司机、厨师、修理工、小工。 合同期限：1月 招聘要求： 1.无犯罪记录 2.身体健康，无先天性心脏病、传染病、高血压等。 工资待遇： 1. 压路机司机、翻斗车司机：300000...,假,https://vp.fact.qq.com/article?id=023af4e136c925e34d11749f500cac79
117,一对夫妻登记结婚，男方叫辛冠，女方叫费妍,近日，有网友晒出一张结婚证，男方叫辛冠，女方叫费妍，连起来刚好是“新冠肺炎”的谐音。,假,https://vp.fact.qq.com/article?id=ab81b44f626b790646b879101850a735
118,新冠肺炎患者治愈后要佩戴14天手环,网上流传一张照片，一位带有手环、脚环的乘客在搭乘巴士，配文为卫生部要求新冠肺炎患者治愈后14天都佩戴防疫手环，便于大家分辨和保持距离，这是真的吗？——来自较真用户@ Eve Guan的提问,假,https://vp.fact.qq.com/article?id=8938f4db1871dda4fd6495bf19c07285
119,湖北疫情反弹医疗队暂缓离鄂,网上流传一个通知，因湖北疫情出现反弹，国家和各省医疗队暂缓离鄂。,假,https://vp.fact.qq.com/article?id=ef796f4726887f947e055494550978d8
120,每天用肥皂洗鼻窦可以降低感染肺炎风险,网上流传着这样一则消息，定期用肥皂清洗鼻窦可以降低感染新冠肺炎的风险。,假,https://vp.fact.qq.com/article?id=c7eff488cc305877fc998e785b4c298e
121,德国总理默克尔居家隔离,默克尔隔离？——来自较真用户@金色泉水的提问。,真,https://vp.fact.qq.com/article?id=e102d1c4a3229da483eea5691cb6a7b1
122,江苏省政府公告开学时间，3月30日起分批次开学,江苏全省各级各类学校自2020年3月30日起分批次、错峰开学。其中，高三年级、初三年级3月30日开学；中小学（含中职学校、特教学校、幼儿园，下同）其他学段、年级做好4月7日开学准备，具体开学工作经各设区市疫情防控工作领导指挥机构批准后实施；高校以4月13日为开学起始时间做好...,真,https://vp.fact.qq.com/article?id=53e967c2df2292cf039a329e84ff96f9
123,为让民众在家隔离，普京在街上放了800只狮子老虎,3月22日，国内外社交媒体上流传着一张“狮子出现在夜晚的大街上”的图片， 并配文称“战斗民族的网友爆料，普京在俄罗斯全国范围内“投放”了800头狮子老虎，迫使人们待在家里别出来。,假,https://vp.fact.qq.com/article?id=d8517856770dbd7229539d4b045017d7
124,美国24小时内搭建180座野战医院，遍布美国各地,新冠抗疫，美国开始了！180座战地医院，35艘医疗船，相当于215个火神山规模。所有医疗废物将灭菌粉碎后由直升飞机运往军事基地集中处理。,假,https://vp.fact.qq.com/article?id=7fc9fc0bed3056c12796408303b7c0f0
125,通知：全国的国际航班一律全部由上海承担飞行,即日起，全国的国际航班一律全部由上海承担飞行！除此之外，国内其它所有机场只能经营国内航班。——来自较真用户@嘉陵江提问,假,https://vp.fact.qq.com/article?id=7487f3d06551a9abd4b5d9be4fd2c514
126,受疫情影响，游客减少，威尼斯出现天鹅和海豚游泳,威尼斯“因祸得福”，因为疫情的关系， 人类活动减少，不少动物重新出现在城市里，威尼斯运河有天鹅和海豚游泳。,假,https://vp.fact.qq.com/article?id=d4ea36d5f1d2b421313e8edebdbd5ab9
127,广州“女毒王”照片曝光，戴墨镜在国外游玩,广州出现的女毒王刘某照片曝光，照片里该女子带着墨镜，照片背景显示在国外。,假,https://vp.fact.qq.com/article?id=59ed799bfb0008aae1c346b3a61c1ea6
128,中国球员武磊在西班牙确诊感染新冠病毒,中国球星武磊是否在西班牙被感染新冠？——来自较真用户@Dinosaur提问,真,https://vp.fact.qq.com/article?id=48db04598ec618981db5b43696394a3d
129,美国启用10艘医疗舰驶入纽约港，收治新冠肺炎病人,美国启用10艘医疗军舰，目前已经开进纽约港，每艘船上有1000张病床，上面拥有所有的医疗抢救设施，每艘船相当于一个雷神山医院。——来自较真用户@云楠园的提问,假,https://vp.fact.qq.com/article?id=50e5bb00624fa935849ae92c92508e22
130,斯坦福大学：能憋气10秒就没感染新冠病毒,有消息称斯坦福大学发布新冠病毒自我检测方法，能够憋气10秒就是没有感染新冠病毒。,假,https://vp.fact.qq.com/article?id=4b31875c15948f875357e94b59352d06
131,武汉殡仪馆招募义工，工资日结，4000元/晚,武汉殡仪馆招募义工，工资日结，4000元/晚/6小时。要求45岁以下，身体健康；签合同上岗；提交个人资料，姓名、电话、身份证号以及紧急家属联系人；做完需隔离14天，隔离期间（收费）按照国家标准300/天。,假,https://vp.fact.qq.com/article?id=db6740c9e045d0b79eaa9fd6ec823f9c
132,西班牙生物学家：C罗梅西收入高，找他们要疫苗,最近这段话在社交网络上流传很广：你给足球运动员每个月100万欧元，给科研人员每个月1800欧元，现在你跟科研人员要治疗办法？去找C罗或者梅西找解药——西班牙生物学研究学者。此外还配有一张女士接受采访的图片。,假,https://vp.fact.qq.com/article?id=0871d6207a7fcd2844edc717d6567b1b
133,成都已通告中小学分别在4月7、13、20日开学,有人说成都小升初网微信公号报道：成都中小学分别在4月7日，13日，20日，23日开学，这是真的吗？——来自较真用户@杨的提问,假,https://vp.fact.qq.com/article?id=8762849dff3b1f4d330e11523f4e808f
134,因带宽压力，欧盟敦促网飞等平台停止提供高清视频,因带宽压力，欧盟敦促网飞公司停止提供高清视频，保证疫情期间互联网平稳运行。,真,https://vp.fact.qq.com/article?id=4c7f7fb356d44c219f2842967ec264ca
135,援鄂医务人员均可获一枚纪念章，全家终生免费游湖北,每个援鄂医务人员一枚金色纪念章，背后有他们的名字。这就是参战纪念章，与军人参战意思是一样的。还有一本荣誉证书，一张全家终生免费游湖北的旅游卡。,疑,https://vp.fact.qq.com/article?id=fcd92b8bbee5df06a29eb6fbc43fcf12
136,NBA球员欧文等三人新冠病毒检测结果呈阳性,网传布鲁克林篮网队病毒检测结果公布，队中包括全明星球员凯里·欧文、卡里斯·勒韦尔和史宾赛·丁威迪三人核酸检测结果呈阳性。,假,https://vp.fact.qq.com/article?id=410d5948dbd05ca1a788d5cf3e26c1fa
137,江西省3月19前已官宣各级学校于4月5日分批开学,近日，一则“江西省教育厅有关春季开学报告”的文件在网络疯传，上面显示了江西省各级学校的开学时间，4月5日开始逐批次开学。,假,https://vp.fact.qq.com/article?id=fe04f3393201b8bf5a6f725b4762e116
138,A型血更易感染新冠肺炎，O型血不易感,南方科技大学、上海交大、武汉中南医院、武汉金银潭医院等8家单位的最新研究显示：A、B、O、AB血型与新冠肺炎易感性存在关联。这也是该领域的首份研究。 具体来说，O型血对新冠肺炎相对不易感，风险较低；A型血对新冠肺炎相对易感，风险也较高。,疑,https://vp.fact.qq.com/article?id=9f8e2e468f04eba78819b26783c94687
139,市政府会仪（议）精神：3月22日可点对点返鄂返汉,"市政府会仪（议）精神： 22日滞留在外的人员可以点对点返鄂返汉。滞留在鄂在汉人员可以点对点离鄂离汉 24日公交，地铁消毒，进行预演练为恢复交通作准备。 26日，门栋解封,居民可以在小区内活动。 29曰，小区解封，居民凭健康码，工作证明驾私家车，骑自行车，步行复工。 31日企...",假,https://vp.fact.qq.com/article?id=8293e03661ea02d3f790eb0bc6fbb86c
140,天津大中小学、幼儿园开学时间3月17日前已确定,根据天津市委市政府发布会议精神”信息，4月6日大中学开学，4月20日小学、幼儿园开学。,假,https://vp.fact.qq.com/article?id=b92c7081521227447346b2a3dbcaa411
141,福建高三和初三年级3月23日开学,网上流传福建省教育考试院发布的2020年春季开学通知，图文中称高三和初三年级预定3月23日开学。,假,https://vp.fact.qq.com/article?id=10e0fb91ee2e138f10975d3c41a71c52
142,石正丽警告：对疫情不必太乐观，蚊虫或成第三宿主,网上都在传《石正丽凌晨发出警告：对疫情不必抱有太大乐观，蚊虫或成第三宿主》，这篇文章是真的吗？——来自较真用户@einAbfall的提问,假,https://vp.fact.qq.com/article?id=f3604090c16ad536b28af5f1905ac428
143,《老人报》八年前预测新型冠状病毒会输入爆发,网上有传老人报在八年前就说了会有新冠输入，真的？——来自较真用户@North的提问。,假,https://vp.fact.qq.com/article?id=e11b868920417b16d67a8906b63d81ff
144,布鲁塞尔地铁一男子舔手后把口水抹在车厢扶手上,请问外国人吐口水粘在扶杆上，有没有这件事？网上流传着——来自较真用户@瑶琴的提问。,真,https://vp.fact.qq.com/article?id=38572579b847739ccc2c3f099ce7fa9c
145,日本医生建议：大量喝水保持喉咙湿润，预防新冠病毒,日本医生在治疗COVID-19病例时给予的绝妙建议： 每个人都应确保您的口腔和咽喉湿润，永不干燥。至少每15分钟喝几口水。为什么？即使病毒进入您的口腔，饮用水或其他液体也会通过喉咙和胃将其冲洗掉。一旦到达那里，您的胃酸将杀死所有病毒。如果您不经常喝足够的水，病毒会进入您的气...,假,https://vp.fact.qq.com/article?id=ede61f7c51a7cef436a3a46474b34fe0
146,视频：特朗普感染新冠肺炎，演讲时晕倒，副总统接任,一分钟前收到：特朗普刚刚晕了！快讯！美国总统唐纳德特朗普先生确诊为冠状病毒正在医院接受治疗，总统职务由副总统彭斯接替。美国全国上下一片恐慌。许多持有中国签证的美国人正在争抢前往中国的航班，飞机票是平时的十倍。,假,https://vp.fact.qq.com/article?id=af5fd083166bd8ed6d73909e07a8b9fb
147,C罗买下了一座小岛暂住，以隔离新冠病毒,球星C罗买下了一座小岛，并同其家人在岛上居住，直至新冠病毒消失。,假,https://vp.fact.qq.com/article?id=ff635140eec2d5812e5e318eaec07063
148,荷兰水貂把新冠病毒传人说明水貂是中间宿主,前几日，据媒体报道，荷兰的病毒学家证实新冠病毒能够从人类传播给水貂，并从水貂再次传回人类。因此有人说动物是新冠病毒的宿主，所有动物都能够把病毒传染给人类。,疑,https://vp.fact.qq.com/article?id=8b033d9aea02016bbb4f79b3fcf0023c
192,5G是新冠病毒的元凶，没有5G就不会爆发疫情,近日有流言称，5G会导致细胞中毒，产生并传播新型冠状病毒。,假,https://vp.fact.qq.com/article?id=feef54e374f3434d272f1a84588c09f1
193,武汉大智路数码港有无症状新冠肺炎患者倒地,4月8日，网上流传一则“（武汉）大智路数码港附近有无症状新冠病人倒地”的消息。流传的相关视频和图片显示，一男子倒在某商店门口，并且身边还有两名穿着防护服的工作人员。该内容的配文称：“武汉还是很危险的，很多无症状病人在潜伏。”,假,https://vp.fact.qq.com/article?id=e8adce53e88255c4b5183139d3dac4bd
194,美国新冠肺炎患者跳海自杀导致海盐污染，需要抢盐,美国因为疫情死了很多人，尸体漂浮在太平洋，污染了海水，导致中国无法再生产食用盐，大家赶快去市场上囤盐。,假,https://vp.fact.qq.com/article?id=a3942e081f9eb1a0cd1c70cc8050595f
195,柳州奖励援鄂医疗队员每人一辆汽车,网上流传一段视频，视频中许多市民夹道欢迎载有援鄂医疗队队员的车辆归来，车辆侧边贴有“欢迎英雄回家”字样。该视频配文为：柳州奖励援鄂医疗队队员每人一辆车。,假,https://vp.fact.qq.com/article?id=0283931f873e3c42f01c764c0660fc80
196,广东省各级各类学校于4月27日起分批返校,广东4月27号高三，初三开学，是真的吗？——来自较真用户@iQ HOUSE提问。,真,https://vp.fact.qq.com/article?id=e51f2d3d6300dbf0676b6f29711f681a
197,河北省高三4月23日开学，初三5月7日开学,河北高三生4月23日统一开学。初三学生和中职学校毕业年级报名参加高考学生5月7日开学。,真,https://vp.fact.qq.com/article?id=11cd54ec3bab503964d8a706d999f434
198,上海高三年级、初三年级于4月27日返校开学,上海高三年级、初三年级于4月27日开学，各高校及中等职业学校毕业年级学生从4月27日起开始返校。各级各类学校在5月6日前做好其他学段和年级分批返校开学的准备。,真,https://vp.fact.qq.com/article?id=28161fc3a15a8557cce7e74800603d5d
199,北京市于4月8日宣布高三年级4月27日开学,网传北京高三4月27日开学，六年级和初三5月11日开学。4月8日晚间新闻发布会官宣。,假,https://vp.fact.qq.com/article?id=b7aa813ba707d77a87047b2329d10474
200,5G引发新冠病毒，非洲没有疫情就是因为没有5G,网络消息称，近日，英国连发两起移动信号塔被烧事件，有关“5G导致了新冠病毒传播”的传言开始在西方社交媒体中传播。,假,https://vp.fact.qq.com/article?id=6b8b829d925c64d79a52c2a4a1d9c9d1
201,张文宏医生自曝收入和全家福,张文宏医生自曝年收入184万，主要来源于3个方面：1、华山医院呼吸科主任，年入50万。2、国家重点项目学科带头人，年入120万。3、每年在《柳叶刀》上发表一篇署名论文，奖金2万美金。,假,https://vp.fact.qq.com/article?id=8650ac10f3567f6b6dd8c6a9020c7a4c
202,BBC4月7日称英国首相鲍里斯因新冠肺炎去世,社交媒体上流传着一张BBC Breaking News（BBC突发新闻）的截图，截图显示：英国首相鲍里斯·约翰逊因新冠肺炎去世。,假,https://vp.fact.qq.com/article?id=347715b41b4769ccef3bf45adfa6fb38
203,北京某区教委初步确认9月1日前不开学,近日，部分家长微信群流传“北京某区教委接到通知，确认9月1日前不会复学”。,假,https://vp.fact.qq.com/article?id=ed2fb752f2b87e89065d18cab22c9dad
204,世界男高音多明戈因新冠肺炎于3月26日去世,西班牙歌唱家多明戈去世？——来自较真用户@功架的提问,假,https://vp.fact.qq.com/article?id=396ae53d7c6b6997033d864c2dfc8b01
205,四川省教育厅已于3月25日确定高三初三开学时间,四川省教育厅：高三4月1日开学，初三安排4月7日开学是真的吗？——来自较真用户@鑫瑞源商贸的提问,真,https://vp.fact.qq.com/article?id=4968c5e85a5cdc7e5fdea7e912d72a40
231,智能手表可以直接检测出新冠患者,智能手表等可穿戴设备被应用到感染性疾病的早期诊断，智能手表可以检测出新冠患者。,假,https://vp.fact.qq.com/article?id=b6fe8ea436bbab4ea15d73f2596f73a7
232,肿瘤患者不建议接种新冠疫苗,恶性肿瘤患者属于不适合接种新冠疫苗的人群。,真,https://vp.fact.qq.com/article?id=7b09c457f06dc21355bdf10d7ea145ba
233,一份来自隔离医院的居家药物清单,近日，一则来自所谓“隔离医院/康复者”的药物清单在社交平台大肆传播，其中提到这是“新冠患者在隔离医院内服用的药物”，可在家实行。,假,https://vp.fact.qq.com/article?id=27006541e01b44cef6af73b80d4e94ce
234,比尔·盖茨雇替身打新冠疫苗,简体中文社交网络流传消息称，比尔·盖茨雇用替身演员，代替他自己注射新冠疫苗。有关消息还附有照片对比，声称盖茨上传的接种疫苗照片中的人耳部形状明显不同。同时，该内容还声称疫苗致残。,假,https://vp.fact.qq.com/article?id=2cb6196639051c9815d527b9d1c19e20
235,西班牙养老院因接种新冠疫苗导致全体阳性,有媒体报道西班牙一养老院接种疫苗后全体阳性，引发很多人对疫苗的怀疑，认为是接种疫苗导致的新冠感染。,假,https://vp.fact.qq.com/article?id=60d420ecda76b585a14a0f7152d22927
236,纽约华裔新冠死亡率第一,,假,https://vp.fact.qq.com/article?id=062786532db92a83744549ebdc1934d2
237,新冠病毒“逃逸突变”已让疫苗失效,新冠病毒在一些地区变异产生了感染力增强的突变毒株，其逃逸突变体E484K突变会让疫苗失效。,假,https://vp.fact.qq.com/article?id=b7f033b743f4fe90f0e50506f9f6cff6
238,加拿大科学家发现秋水仙碱是新冠救命药,网传加拿大的研究团队有了里程碑式的重大发现——证明秋水仙碱可以用来作为新冠肺炎的救命药。,疑,https://vp.fact.qq.com/article?id=fc5ab42ff5709f769b5275946e5396c5
239,世界卫生组织不建议接种莫德纳新冠疫苗,世界卫生组织专家组对莫德纳新冠疫苗mRNA-1273的数据进行评估后，发布了该疫苗的暂行使用建议：不建议接种莫德纳新冠疫苗。,假,https://vp.fact.qq.com/article?id=8239f6317bbd474f8ff37f3d65b8b5b0
240,进口车厘子检出新冠阳性所以车厘子不能吃了,进口车厘子核酸检测为阳性，有人说车厘子已经不能吃了，吃了会感染新冠肺炎。,假,https://vp.fact.qq.com/article?id=5d72d3d7144f326905b48f9f33fc952d
241,八分之一新冠康复者会在140天内死亡,最近，网络上流传一个说法称：“八分之一的新冠康复者会在140天内死亡！”,假,https://vp.fact.qq.com/article?id=de725b9b540baffbbbef8604b1ab3d1b
242,视频曝光：上海肿瘤医院确诊新冠员工在电梯强吻他人,一段11秒的电梯内不雅视频在网络上疯传，该段视频被描述为是上海肿瘤医院的电梯监控视频，据传视频的主角是2例确诊病例，其身份系医院的护工。,假,https://vp.fact.qq.com/article?id=59f9c603436c23f528d1fcd40ce7e4aa
243,意大利发现最早人类感染新冠病毒病例,意大利米兰大学研究人员在2019年11月一例呈皮肤炎症状的女性患者活检样本中，发现了新冠病毒存在的证据，这个病例是“最早人类感染新冠病毒病例”。,疑,https://vp.fact.qq.com/article?id=cc8347467ca55a688c4caff8f9fa935b
244,辉瑞新冠疫苗的有效率29％仅为假设,2021年1月4日，《英国医学杂志》（BMJ）新闻与观点团队副主编彼得·多西（Peter Doshi）在杂志的博客网站上发文 ，认为辉瑞-BioNTech和Moderna生产的两款新冠mRNA疫苗95%的有效性存疑，指出辉瑞疫苗有效性或低至 “29%”，未达到世界卫生组织建议的最低标准50%。,真,https://vp.fact.qq.com/article?id=7f18884469a93d52199a2eba87ff8c17
245,“新冠疫苗已开放预约，名额有限”短信系诈骗,近期，全国多地已经有序开展新冠疫苗接种工作，但却有一些不法分子借机进行诈骗。诈骗分子冒充“疾管中心”发送短信内容为，“新冠疫苗政策已在我市开放预约，名额有限截止于2020年1月8号暂停报名，请立即前往xxx.cc预约接种（含家庭预约）。”,真,https://vp.fact.qq.com/article?id=f5ba5a6cff4605ce5404b2c8d88efd57
246,1月15日全国各地陆续封城，“封城时间表”流出,1月15日全国封城，1月20日后就回不了家了。网络上还出现了“全国封城时间表”。,假,https://vp.fact.qq.com/article?id=32c282d0f7f39c3bba2d89671ad249ea
247,感染新冠可以“以毒攻毒”治疗癌症,一位恶性淋巴瘤患者，在感染新冠病毒后，肿瘤居然几乎消失了！人们可以通过感染新冠病毒的方法来治疗癌症。,假,https://vp.fact.qq.com/article?id=1290a9c134afca7187a0ba20626d23ca
248,憋气30秒可以测试肺部是否健康,近日，网上热传一张动图称：“从图中A点到B点，能憋住气就是健康的肺”。,假,https://vp.fact.qq.com/article?id=14646a563607e0862ac4843c4c116d24
249,东京奥运会将于1月18日宣布取消,1月11日一早，一则关于“日本政府将于1月18日宣布取消东京奥运会”的所谓“曝料”，被多家国内媒体转载、传播。几乎同一时间，一个推特上的截图在国内社交媒体疯传，截图中，某外媒在推特发推，言辞凿凿宣称，“东京奥运会1月18日宣布中止，欲2032年再次申办”，并被冠上了“BreakingNews”的字样。,假,https://vp.fact.qq.com/article?id=0a7bd10b705f8456d0836927e94740e5
250,接种了mRNA疫苗就会变成转基因人,近日，有人宣称接种mRNA疫苗会改造人类基因组DNA，使人变成转基因人。,假,https://vp.fact.qq.com/article?id=3855f08711dec75fbd1c0f9e5e7e9600
251,石家庄藁城区外国人聚集做核酸检测,网上有视频称，石家庄藁城区做核酸检测，结果一下子聚集了很多黑人,假,https://vp.fact.qq.com/article?id=8cd9c3a7f889ffe52e070f6f8227c3ce
252,视频：广东省人民医院乔贵宾称茶水可以杀死新冠病毒,近日，网上热传这样一则消息：给你一个每天喝茶的理由，专家喊你喝茶。90%新冠病毒一分钟被茶水杀灭，99.9%新冠病毒十分钟被茶水杀灭。并附上一段广东省人民医院胸外科乔贵宾主任医师的视频来验证此结论。,假,https://vp.fact.qq.com/article?id=83bfde2d57f204b13e97d03bae365b53
253,辉瑞疫苗对亚裔有效率不足,近日，社交网络上流传着”辉瑞疫苗对亚裔有效率不到75%““对亚裔的有效率不足，根本不给力”的说法。,假,https://vp.fact.qq.com/article?id=dade16514d535b5764ea364b30d49559
254,北京市委市政府紧急通知，宣布进入“战时”状态,12月25日，网上有传言称，转发北京市委市政府紧急通知，北京宣布进入“战时”状态。外地进京包括外出返京人员需隔离21天。返京人员除要求21天医学观察期满之外，还需持7日内核酸检测阴性证明。,假,https://vp.fact.qq.com/article?id=eab950a829e7fea7597fade53db607e4
255,钟南山院士抵达石家庄抗击疫情,近两日，随着石家庄市宣布进入战时状态，网上出现传言说：钟南山来石家庄了。,假,https://vp.fact.qq.com/article?id=72da9f31e535d71362bd4a0e6b1b1216
256,钟南山和2500医护人员抵达大连抗击疫情,钟南山院士和2500名医护人员抵达金州。,假,https://vp.fact.qq.com/article?id=eb0b37b425f4e7a2300a3251d84e1c58
257,打新冠疫苗会导致女性不育,两名欧洲的“科学家”给欧盟药品管理局发去邮件，呼吁停止新冠疫苗的研发工作，理由是新冠疫苗会导致一系列健康安全风险，其中包括让妇女“不育”。,假,https://vp.fact.qq.com/article?id=3fdd71ceea8f24a45fd9d817aad2bcc0
258,辉瑞新冠疫苗会致人面瘫,在辉瑞疫苗三期测试中，有四名测试者出现了贝尔麻痹，即面瘫。面瘫是由疫苗引起的。,疑,https://vp.fact.qq.com/article?id=21a7601b99073c33f5fafff9e9b531e7
259,成都确诊新冠肺炎女子照片曝光,成都市确诊女孩赵某的个人信息在网上热传，包括私人信息，还有一张坐在车内、穿白色裙子的照片在朋友圈及各大视频平台热传。,假,https://vp.fact.qq.com/article?id=516e6805ad0eb337f3aa8c432c948407
260,新冠特效药已面世，2天病毒就消失,不列颠哥伦比亚大学的一位教授研发的一种新冠肺炎特效药已面世，用药后两天内，患者体内病毒消失。,假,https://vp.fact.qq.com/article?id=ca441d6e1bd52f258b627c5daa4903e9
261,新冠病毒去年2019年9月就已经在意大利流行,据俄罗斯媒体报道，意大利一项新的研究结果表明，新冠病毒在首次被发现前几个月，就可能已经在意大利存在。,疑,https://vp.fact.qq.com/article?id=d60d06ddcd121447419fcfaecd0f10c2
262,新冠疫苗的有效率一定要到90%才靠谱,全球首发的新冠疫苗三期初步结果，均将有效率数据推至90%的“超高度”，所以达到90%才是新冠疫苗能起作用的“铁律”。,假,https://vp.fact.qq.com/article?id=d51d2635284dc0b4c00d1c6729e9c2f3
263,研究发现两成新冠患者会在3个月内患上精神病,有媒体报道：“研究发现20%新冠患者会在3个月内患上精神疾病”，意思就是两成的新冠患者会在3个月内患上精神病。,疑,https://vp.fact.qq.com/article?id=817a1c7e4f2616b7db1fe3d0e8101205
264,11月9日上海飞拉萨航班全机隔离,《炸锅！上海飞拉萨航班全机隔离！》，某自媒体发布的一篇文章在上海人的朋友圈刷屏了，文中提到，11月9日MU2335航班从上海浦东机场起飞，途经西安咸阳机场到达拉萨贡嘎机场后，一下飞机全部（人员）被拉到酒店隔离。,假,https://vp.fact.qq.com/article?id=7d0c39544abbae4bd95bcd6b3b7f56dd
265,乙肝携带者会影响新冠抗体检测结果,乙肝携带者会影响新冠肺炎血清检测抗体的结果吗？——来自较真用户@可微的提问,疑,https://vp.fact.qq.com/article?id=56a5b32fee1508f245ce0cad24cbea87
266,上海11月2日又启动公共卫生事件一级响应,上海某小区的一张通知在网络流传。通知上称，“上海市已启动重大突发公共卫生事件一级响应”，“11月2号起，小区实行封闭式管理，除东西门开放外，其他小门一律封闭。对所有进入小区人员进行体温测量，查看健康码，外省市人员进入本小区的，配合填写相关登记表。”,假,https://vp.fact.qq.com/article?id=abf3992d7eb7e42f2d85f9eb3ce1f28d
267,成都青白江区10月底开展全员核酸检测,近期成都市青白江区卫生健康局将对青白江区进行全员核酸检测，正在招募检测点位志愿者，呼吁大家积极报名参加。,假,https://vp.fact.qq.com/article?id=375829077a0512f798b803be7eb304d3
268,山大齐鲁医院开会，“抗疫”打成“抗议”,网传山东大学齐鲁医院开大会，打个字居然能把“抗疫”打成了“抗议”，并配有一张山东大学齐鲁医院建院130周年高质量发展论坛现场图片。,假,https://vp.fact.qq.com/article?id=dfde4d3723f1c02a546513b90d2082a2
269,烟台新增无症状感染者共追踪到密接者26350人,近日，部分自媒体发布信息称“烟台市报告无症状感染者1例，目前共追踪到密切接触者26350人，其在烟台市的562名相关接触人员已全部予以集中隔离医学观察”。,假,https://vp.fact.qq.com/article?id=73902ebff84c39b3bf5b9dd97d1d0a35
270,十一期间武汉硚口区有一千多人去过青岛,昨日，武汉市流传一则“十一期间硚口区有一千多人去过青岛，各小区又开始管控了”的信息。,假,https://vp.fact.qq.com/article?id=4d1d89755c8d1ce4c0f0e37713744b5c
271,昆山一台湾籍员工国庆赴青岛旅游回台确诊,10月14日下午起，江苏昆山友达光电一名台湾籍员工回台后确诊的消息在社交媒体上传播。多则网络传言中称，该台湾籍员工曾于国庆期间前往青岛旅游，10月11日从江苏返回台湾后确诊。,假,https://vp.fact.qq.com/article?id=51fe840649131a20ad5c398bbc19c468
272,钟南山10月12日抵达青岛协助疫情防控工作,近日，青岛人的朋友圈都在传一张图，“中国工程院院士钟南山已于10月12日抵达青岛”。,假,https://vp.fact.qq.com/article?id=06f3c80e87515b7a22628b8a2fe09468
273,参加第三届进博会的所有外国人不用隔离14天,10月10日起，今年第三届进博会将于11月5日开幕，有人称“所有的外国人全部不隔离14天”、“很危险，到时候大家尽量少出去”。,假,https://vp.fact.qq.com/article?id=ea16049fd35f94b423a3601e49b725ce
274,特朗普夫妇确诊新冠肺炎,美国总统特朗普及其夫人在新冠肺炎检测中呈阳性。,真,https://vp.fact.qq.com/article?id=7fd7962a426d5630771006f7f9ec9b6b
275,国庆去青岛旅游健康码会变色,9月24日晚，青岛卫健委通报，发现2例新冠肺炎无症状感染者。因此在社交媒体上，有网友猜测“这种情况下去青岛恐怕会导致健康码变色”。,假,https://vp.fact.qq.com/article?id=caece6d62df49248f4f42146c5af31aa
276,9月13日全国新增49名新冠确诊病例，分布多省市,近日，网传一段视频称，31个省份仅9月13日一天就增加49名新冠病例，确诊患者现在已经分布在广东、河南、浙江、天津、山西、香港、云南、上海、山西、河南多地，实在让人胆战心惊。,假,https://vp.fact.qq.com/article?id=7c47a1e932ab4a0ad72ba92294b99245
